STT,HÁN TỰ,PINYIN,TỪ LOẠI,HÁN VIỆT,NGHĨA,ENGLISH,ÔN TẬP,CHECK,CÂU VÍ DỤ
1,你,nǐ,,,Bạn,you,,FALSE,
2,好,hǎo,,,Tốt,good,,FALSE,
3,很,hěn,,,rất,very,,FALSE,
4,不,bù,,,KHÔNG,No,,FALSE,
5,太,tài,,,quá,too,,FALSE,
6,忙,máng,,,bận,busy,,FALSE,
7,吗,ma,,,Ma,Ma,,FALSE,
8,累,lěi,,,mệt,tired,,FALSE,
9,大,dà,,,to lớn,big,,FALSE,
10,家,jiā,,,nhà,Home,,FALSE,
11,大家,dàjiā,,,Mọi người,Everyone,,FALSE,
12,我,wǒ,,,TÔI,I,,FALSE,
13,叫,jiào,,,Gọi,Call,,FALSE,
14,谢谢,xièxie,,,Cảm ơn,Thanks,,FALSE,
15,不客气,bù kèqi,,,Không có gì,You're welcome,,FALSE,
16,没关系,méiguānxi,,,không sao đâu,It doesn't matter,,FALSE,
17,对不起,duìbuqǐ,,,Xin lỗi,sorry,,FALSE,
18,学习,xuéxí,,,học,study,,FALSE,
19,英语,yīngyǔ,,,Tiếng Anh,English,,FALSE,
20,汉语,hànyǔ,,,tiếng trung,Chinese,,FALSE,
21,韩语,hányǔ,,,tiếng hàn,Korean,,FALSE,
22,不用谢,bùyòngxiè,,,Không có gì,You're welcome,,FALSE,
23,有,yǒu,,,có,have,,FALSE,
24,没有,méiyǒu,,,KHÔNG,No,,FALSE,
25,爸爸,bàba,,,bố,dad,,FALSE,
26,妈妈,māma,,,Mẹ,Mother,,FALSE,
27,姐姐,jiějie,,,chị gái,elder sister,,FALSE,
28,弟弟,dìdi,,,em trai,younger brother,,FALSE,
29,哥哥,gēge,,,anh trai,elder brother,,FALSE,
30,妹妹,mèimei,,,em gái,younger sister,,FALSE,
31,一,yī,,,một,one,,FALSE,
32,二,èr,,,hai,two,,FALSE,
33,三,sān,,,ba,three,,FALSE,
34,四,sì,,,Bốn,Four,,FALSE,
35,五,wǔ,,,năm,five,,FALSE,
36,六,liù,,,sáu,six,,FALSE,
37,七,qī,,,bảy,seven,,FALSE,
38,八,bā,,,tám,eight,,FALSE,
39,九,jiǔ,,,Chín,Nine,,FALSE,
40,十,shí,,,mười,ten,,FALSE,
41,百,bǎi,,,Một trăm,Hundred,,FALSE,
42,和,hé,,,Và,and,,FALSE,
43,几,jǐ,,,Một số,Several,,FALSE,
44,什么,shénme,,,Cái gì,What,,FALSE,
45,名字,míngzì,,,tên,name,,FALSE,
46,哪,nǎ,,,Ở đâu,where,,FALSE,
47,那,nà,,,Cái đó,That,,FALSE,
48,国,guó,,,quốc gia,country,,FALSE,
49,人,rén,,,mọi người,people,,FALSE,
50,中国,zhōngguó,,,Trung Quốc,China,,FALSE,
51,越南,yuènán,,,Việt Nam,Vietnam,,FALSE,
52,韩国,hánguó,,,Hàn Quốc,South Korea,,FALSE,
53,美国,měiguó,,,Hoa Kỳ,USA,,FALSE,
54,英国,yīngguó,,,Vương quốc Anh,U.K.,,FALSE,
55,泰国,tàiguó,,,Thái Lan,Thailand,,FALSE,
56,是,shì,,,Đúng,yes,,FALSE,
57,认识,rènshi,,,biết,know,,FALSE,
58,对,duì,,,Phải,right,,FALSE,
59,高兴,gāoxìng,,,Vui mừng,Happy,,FALSE,
60,也,yě,,,Mà còn,also,,FALSE,
61,您,nín,,,Bạn,you,,FALSE,
62,他,tā,,,Anh ta,he,,FALSE,
63,她,tā,,,cô ấy,she,,FALSE,
64,它,tā,,,Nó,it,,FALSE,
65,多,duō,,,nhiều,many,,FALSE,
66,岁,suì,,,tuổi,age,,FALSE,
67,老师,lǎoshī,,,giáo viên,teacher,,FALSE,
68,今年,jīnnián,,,Năm nay,This year,,FALSE,
69,多大,duōdà,,,Kích thước bao nhiêu,How big,,FALSE,
70,女儿,nǚér,,,con gái,daughter,,FALSE,
71,儿子,érzi,,,con trai,son,,FALSE,
72,同学,tóngxué,,,bạn cùng lớp,classmate,,FALSE,
73,学生,xuésheng,,,học sinh,student,,FALSE,
74,大学,dàxué,,,Trường đại học,University,,FALSE,
75,会,huì,,,cuộc họp,meeting,,FALSE,
76,说,shuō,,,giải thích,explain,,FALSE,
77,写,xiě,,,Viết,Write,,FALSE,
78,读,dú,,,đọc,read,,FALSE,
79,听,tīng,,,Nghe,listen,,FALSE,
80,怎么,zěnme,,,Làm sao,how,,FALSE,
81,只,zhǐ,,,Chỉ một,Only,,FALSE,
82,的,de,,,của,of,,FALSE,
83,喜欢,xǐhuan,,,giống,like,,FALSE,
84,菜,cài,,,rau quả,vegetable,,FALSE,
85,吃,chī,,,ăn,eat,,FALSE,
86,好吃,hàochī,,,ngon,tasty,,FALSE,
87,包子,bāozi,,,bánh bao hấp nhân,steamed stuffed bun,,FALSE,
88,饺子,jiǎozi,,,bánh bao,dumpling,,FALSE,
89,面包,miànbāo,,,bánh mỳ,bread,,FALSE,
90,面条,miàntiáo,,,Mì,Noodle,,FALSE,
91,河粉,héfěn,,,Mì gạo,Rice noodles,,FALSE,
92,这,zhè,,,cái này,this,,FALSE,
93,那,nà,,,Cái đó,That,,FALSE,
94,两,liǎng,,,hai,two,,FALSE,
95,个,gè,,,cá nhân,indivual,,FALSE,
96,米饭,mǐfàn,,,cơm,rice,,FALSE,
97,今天,jīntiān,,,Hôm nay,today,,FALSE,
98,明天,míngtiān,,,Ngày mai,tomorrow,,FALSE,
99,月,yuè,,,mặt trăng,moon,,FALSE,
100,号,hào,,,Con số,Number,,FALSE,
101,星期,xīngqī,,,Tuần,Week,,FALSE,
102,去,qù,,,đi,go,,FALSE,
103,学校,xuéxiào,,,Trường học,School,,FALSE,
104,看,kàn,,,Nhìn,look,,FALSE,
105,书,shū,,,Sách,Book,,FALSE,
106,再见,zàijiàn,,,tạm biệt,goodbye,,FALSE,
107,图书馆,túshūguǎn,,,thư viện,library,,FALSE,
108,我们,wǒmen,,,chúng ta,us,,FALSE,
109,饿,è,,,Đói bụng,Hungry,,FALSE,
110,想,xiǎng,,,nghĩ,think,,FALSE,
111,要,yào,,,muốn,want,,FALSE,
112,喝,hē,,,uống,drink,,FALSE,
113,茶,chá,,,Trà,Tea,,FALSE,
114,奶茶,nǎichá,,,trà sữa,milk tea,,FALSE,
115,店,diàn,,,cửa hàng,shop,,FALSE,
116,饭店,fàndiàn,,,Nhà hàng,Restaurant,,FALSE,
117,奶茶店,nǎichá diàn,,,cửa hàng trà sữa,milk tea shop,,FALSE,
118,买,mǎi,,,mua,purchase,,FALSE,
119,卖,mài,,,Bán,Sell,,FALSE,
120,杯子,bēizi,,,tách,cup,,FALSE,
121,多少,duōshǎo,,,Bao nhiêu,How many,,FALSE,
122,小,xiǎo,,,Bé nhỏ,Small,,FALSE,
123,猫,māo,,,con mèo,cat,,FALSE,
124,狗,gǒu,,,chó,dog,,FALSE,
125,在,zài,,,hiện hữu,exist,,FALSE,
126,里,lǐ,,,bên trong,inside,,FALSE,
127,外,wài,,,ngoài,outside,,FALSE,
128,哪儿,nǎr,,,Ở đâu,where,,FALSE,
129,这儿,zhèr,,,đây,here,,FALSE,
130,那儿,nàr,,,ở đó,there,,FALSE,
131,工作,gōngzuò,,,Công việc,Work,,FALSE,
132,工人,gōngrén,,,Công nhân,Worker,,FALSE,
133,医院,yīyuàn,,,Bệnh viện,Hospital,,FALSE,
134,银行,yínháng,,,ngân hàng,bank,,FALSE,
135,医生,yīshēng,,,bác sĩ,doctor,,FALSE,
136,看见,kànjiàn,,,nhìn thấy,see,,FALSE,
137,手机,shǒujī,,,điện thoại di động,cell phone,,FALSE,
138,桌子,zhuōzi,,,bàn,table,,FALSE,
139,椅子,yǐzi,,,Chủ tịch,Chair,,FALSE,
140,上,shàng,,,thượng đẳng,superior,,FALSE,
141,下,xià,,,Xuống,Down,,FALSE,
142,电脑,diànnǎo,,,máy tính,computer,,FALSE,
143,本,běn,,,Sách,Book,,FALSE,
144,前面,qúnzi,,,Đằng trước,Front,,FALSE,
145,后面,hòumiàn,,,sau đó,later,,FALSE,
146,谁,shéi,,,Ai,who,,FALSE,
147,能,néng,,,có thể,able,,FALSE,
148,做,zuò,,,LÀM,Do,,FALSE,
149,坐,zuò,,,ngồi,sit,,FALSE,
150,请,qǐng,,,Xin vui lòng,please,,FALSE,
151,现在,xiànzài,,,Hiện nay,Now,,FALSE,
152,点,diǎn,,,điểm,point,,FALSE,
153,分钟,fēnzhōng,,,phút,minute,,FALSE,
154,午饭,wǔfàn,,,bữa trưa,lunch,,FALSE,
155,半,bàn,,,Một nửa,Half,,FALSE,
156,前,qián,,,phía trước,forward,,FALSE,
157,钱,qián,,,tiền bạc,money,,FALSE,
158,早上,zǎoshang,,,Buổi sáng,Morning,,FALSE,
159,上午,shàngwǔ,,,buổi sáng,morning,,FALSE,
160,下午,xiàwǔ,,,buổi chiều,afternoon,,FALSE,
161,晚上,wǎnshàng,,,đêm,night,,FALSE,
162,早饭,zǎofàn,,,bữa sáng,breakfast,,FALSE,
163,晚饭,wǎnfàn,,,bữa tối,dinner,,FALSE,
164,回,huí,,,trở lại,return,,FALSE,
165,电影,diànyǐng,,,Bộ phim,Movie,,FALSE,
166,差,chā,,,Sự khác biệt,Difference,,FALSE,
167,刻,kè,,,chạm khắc,carve,,FALSE,
168,吧,bā,,,Thanh,Bar,,FALSE,
169,冷,lěng,,,lạnh lẽo,cold,,FALSE,
170,热,rè,,,nóng,hot,,FALSE,
171,了,le,,,Đã,Already,,FALSE,
172,雨,yǔ,,,cơn mưa,rain,,FALSE,
173,北京,běijīng,,,Bắc Kinh,Beijing,,FALSE,
174,身体,shēntǐ,,,Thân hình,Body,,FALSE,
175,水果,shuǐguǒ,,,hoa quả,fruit,,FALSE,
176,天气,tiānqì,,,thời tiết,weather,,FALSE,
177,下雨,xiàyǔ,,,cơn mưa,rain,,FALSE,
178,一点儿,yīdiǎnr,,,một chút,a little,,FALSE,
179,怎么样,zěnmeyàng,,,Thế nào?,How about it,,FALSE,
180,喂,wèi,,,Xin chào,Hello,,FALSE,
181,位,wèi,,,Chút,Bit,,FALSE,
182,正在,zhèngzài,,,Đang tiến hành,In progress,,FALSE,
183,上网,shàngwǎng,,,internet,Internet,,FALSE,
184,网上,wǎngshàng,,,Trực tuyến,Online,,FALSE,
185,找,zhǎo,,,cố gắng tìm,try to find,,FALSE,
186,网友,wǎngyǒu,,,Cư dân mạng,Netizens,,FALSE,
187,睡觉,shuìjiào,,,ngủ,sleep,,FALSE,
188,爱,ài,,,giống,like,,FALSE,
189,电话,diànhuà,,,Điện thoại,Telephone,,FALSE,
190,号码,hàomǎ,,,Con số,Number,,FALSE,
191,给,gěi,,,Đưa cho,Give,,FALSE,
192,送,sòng,,,giao,deliver,,FALSE,
193,打电话,dǎdiànhuà,,,Gọi điện,Call up,,FALSE,
194,开会,kāihuì,,,Cuộc họp,Meeting,,FALSE,
195,衣服,yīfú,,,quần áo,clothing,,FALSE,
196,件,jiàn,,,Mục,Item,,FALSE,
197,爷爷,yéye,,,ông nội,grandfather,,FALSE,
198,奶奶,nǎinai,,,bà,grandmother,,FALSE,
199,动,dòng,,,di chuyển,move,,FALSE,
200,漂亮,piàoliang,,,đẹp,pretty,,FALSE,
201,新,xīn,,,mới,new,,FALSE,
202,东西,dōngxi,,,điều,thing,,FALSE,
203,骑,qí,,,lái,ride,,FALSE,
204,车,chē,,,xe hơi,car,,FALSE,
205,自行车,zìxíngchē,,,xe đạp,bike,,FALSE,
206,摩托车,mótuōchē,,,xe máy,motorcycle,,FALSE,
207,汽车,qìchē,,,xe hơi,car,,FALSE,
208,飞机,fēijī,,,máy bay,airplane,,FALSE,
209,船,chuán,,,Thuyền,Boat,,FALSE,
210,坏,huài,,,xấu,bad,,FALSE,
211,时候,shíhou,,,khi,when,,FALSE,
212,飞,fēi,,,bay,fly,,FALSE,
213,机场,jīchǎng,,,Sân bay,Airport,,FALSE,
214,机票,jīpiào,,,Vé máy bay,Airfare,,FALSE,
215,住,zhù,,,sống,live,,FALSE,
216,先生,xiānsheng,,,thưa quý ông,gentlemen,,FALSE,
217,朋友,péngyou,,,bạn bè,friend,,FALSE,
218,包,bāo,,,Cái túi,Bag,,FALSE,
219,来,lái,,,Đến,Come,,FALSE,
220,干,gān,,,Khô,Dry,,FALSE,
221,什么,shénme,,,Cái gì,What,,FALSE,
222,白天,báitiān,,,ban ngày,daytime,,FALSE,
223,上学,shàngxué,,,đi học,go to school,,FALSE,
224,放学,fàngxué,,,Sau giờ học,After school,,FALSE,
225,下课,xiàkè,,,tan học,get out of class ended,,FALSE,
226,上课,shàngkè,,,"vào học, đi học",Attend class,,FALSE,
227,上班,shàngbān,,,công việc,work,,FALSE,
228,下班,xiàbān,,,tan ca làm việc,get off work,,FALSE,
229,打,dǎ,,,tiết tấu,beat,,FALSE,
230,打球,dǎqiú,,,Chơi bóng,Playing ball,,FALSE,
231,求,qiú,,,ăn xin,beg,,FALSE,
232,事,shì,,,điều,thing,,FALSE,
233,事情,shìqing,,,vấn đề,matter,,FALSE,
234,电影院,diànyǐngyuàn,,,Rạp chiếu phim,Cinema,,FALSE,
235,回到,huídào,,,Mặt sau,Back,,FALSE,
236,贵,guì,,,đắt,expensive,,FALSE,
237,便宜,piányi,,,Rẻ,Cheap,,FALSE,
238,足球,zúqiú,,,bóng đá,football,,FALSE,
239,篮球,lánqiú,,,bóng rổ,basketball,,FALSE,
240,打篮球,dǎlánqiú,,,Chơi bóng rổ,Playing basketball,,FALSE,
241,网球,wǎngqiú,,,quần vợt,tennis,,FALSE,
242,一起,yīqǐ,,,Cùng nhau,Together,,FALSE,
243,票,piào,,,vé,ticket,,FALSE,
244,门票,ménpiào,,,Vé,Tickets,,FALSE,
245,请进,qǐng jìn,,,Mời vào.,Please come in.,,FALSE,
246,请假,qǐngjià,,,Xin nghỉ phép,Ask for leave,,FALSE,
247,放假,fàngjià,,,Chúc bạn có một kỳ nghỉ vui vẻ!,Have a holiday,,FALSE,
248,生病,shēngbìng,,,Bị ốm,Get ill,,FALSE,
249,知道,zhīdào,,,Biết,Know,,FALSE,
250,看病,kànbìng,,,đi khám bác sĩ,see a doctor,,FALSE,
251,病人,bìngrén,,,kiên nhẫn,patient,,FALSE,
252,帮,bāng,,,giúp đỡ,help,,FALSE,
253,休息,xiūxi,,,nghỉ ngơi,rest,,FALSE,
254,没事儿,méishìr,,,Không sao đâu,It's okay,,FALSE,
255,身体,shēntǐ,,,Thân hình,Body,,FALSE,
256,鸡蛋,jīdàn,,,trứng,egg,,FALSE,
257,试,shì,,,thử,try,,FALSE,
258,好的,hǎo de,,,ĐƯỢC RỒI,OK,,FALSE,
259,开门,kāimén,,,Mở cửa ra,Open the door,,FALSE,
260,开车,kāichē,,,lái xe,drive,,FALSE,
261,开始,kāishǐ,,,bắt đầu,start,,FALSE,
262,走路,zǒulù,,,đi bộ,walk,,FALSE,
263,路上,lùshang,,,Trên đường,On the road,,FALSE,
264,慢,màn,,,chậm,slow,,FALSE,
265,快,kuài,,,nhanh,quick,,FALSE,
266,起床,qǐchuáng,,,thức dậy,get up,,FALSE,
267,起来,qǐlai,,,đứng lên,stand up,,FALSE,
268,打车,dǎchē,,,Taxi,Taxi,,FALSE,
269,非常,fēicháng,,,Rất,Very,,FALSE,
270,一下儿,yīxià r,,,Trong chốc lát,In a moment,,FALSE,
271,一会儿,yīhuìr,,,Một lúc,A while,,FALSE,
272,等,děng,,,Chờ đợi,wait,,FALSE,
273,家,jiā,,,Trang chủ,Home,,FALSE,
274,别的,biéde,,,Khác,Other,,FALSE,
275,还是,háishi,,,vẫn,still,,FALSE,
276,介绍,jièshào,,,giới thiệu,introduce,,FALSE,
277,男朋友,nánpéngyou,,,Bạn trai,Boy friend,,FALSE,
278,女朋友,nǚpéngyou,,,bạn gái,girlfriend,,FALSE,
279,时间,shíjiān,,,thời gian,time,,FALSE,
280,重要,zhòngyào,,,quan trọng,important,,FALSE,
281,包子,bāozi,,,bánh bao hấp nhân,steamed stuffed bun,,FALSE,
282,能,néng,,,có thể,able,,FALSE,
283,可以,kěyǐ,,,Có thể,Can,,FALSE,
284,可能,kěnéng,,,khả thi,possible,,FALSE,
285,要,yào,,,muốn,want,,FALSE,
286,路口,lùkǒu,,,giao lộ,intersection,,FALSE,
287,那边,nàbian,,,ở đó,there,,FALSE,
288,这边,zhèbiān,,,Theo cách này,This way,,FALSE,
289,孩子,háizi,,,đứa trẻ,child,,FALSE,
290,小孩儿,xiǎoháir,,,những đứa trẻ,children,,FALSE,
291,男孩儿,nánháir,,,con trai,boy,,FALSE,
292,女孩儿,nǚháir,,,Con gái,Girl,,FALSE,
293,女生,nǚshēng,,,con gái,girl,,FALSE,
294,男生,nánshēng,,,Các chàng trai,Boys,,FALSE,
295,动作,dòngzuò,,,hoạt động,action,,FALSE,
296,笑,xiào,,,cười,laugh,,FALSE,
297,生气,shēngqì,,,tức giận,angry,,FALSE,
298,课,kè,,,lớp học,class,,FALSE,
299,可爱,kěài,,,dễ thương,cute,,FALSE,
300,先,xiān,,,Đầu tiên,First,,FALSE,
301,一块儿,yīkuàir,,,Cùng nhau,Together,,FALSE,
302,真,zhēn,,,thực tế,real,,FALSE,
303,真的,zhēnde,,,thực tế,real,,FALSE,
304,电视机,diànshìjī,,,Tivi,TV set,,FALSE,
305,商场,shāngchǎng,,,trung tâm mua sắm,shopping mall,,FALSE,
306,商店,shāngdiàn,,,cửa hàng,shop,,FALSE,
307,周末,zhōumò,,,ngày cuối tuần,weekend,,FALSE,
308,觉得,juéde,,,cảm thấy,feel,,FALSE,
309,行,xíng,,,ĐƯỢC RỒI,OK,,FALSE,
310,到,dào,,,đến,arrive,,FALSE,
311,河内,hénèi,,,Hà Nội,Hanoi,,FALSE,
312,首都,shǒudū,,,thủ đô,capital,,FALSE,
313,半年,bànnián,,,Nửa năm,Half a year,,FALSE,
314,帮忙,bāngmáng,,,giúp đỡ,help,,FALSE,
315,马上,mǎshàng,,,ngay lập tức,immediately,,FALSE,
316,跟,gēn,,,Và,and,,FALSE,
317,从……到,cóng   dào,,,Từ... đến,From... to,,FALSE,
318,爱好,àihào,,,Sở thích,Hobby,,FALSE,
319,唱,chàng,,,Hát,Sing,,FALSE,
320,唱歌,chànggē,,,Hát,Sing,,FALSE,
321,牛奶,niúnǎi,,,sữa,milk,,FALSE,
322,书店,shūdiàn,,,hiệu sách,bookstore,,FALSE,
323,拿,ná,,,lấy,take,,FALSE,
324,渴,kě,,,khát,thirsty,,FALSE,
325,忘,wàng,,,quên,forget,,FALSE,
326,近,jìn,,,đóng,close,,FALSE,
327,远,yuǎn,,,Xa,Far,,FALSE,
328,地方,dìfāng,,,địa điểm,place,,FALSE,
329,水,shuǐ,,,Nước,water,,FALSE,
330,树,shù,,,Cây,Tree,,FALSE,
331,山,shān,,,Núi,Mountain,,FALSE,
332,河,hé,,,dòng sông,river,,FALSE,
333,花,huā,,,hoa,flower,,FALSE,
334,不用,bùyòng,,,Không cần thiết,Need not,,FALSE,
335,一些,yīxiē,,,Một số,Some,,FALSE,
336,肉,ròu,,,Thịt,Meat,,FALSE,
337,牛肉,niúròu,,,thịt bò,beef,,FALSE,
338,羊肉,yángròu,,,thịt cừu,mutton,,FALSE,
339,玩儿,wánr,,,chơi,play,,FALSE,
340,出去,chūqù,,,đi ra ngoài,go out,,FALSE,
341,说话,shuōhuà,,,nói,say,,FALSE,
342,话,huà,,,nói chuyện,talk,,FALSE,
343,听说,tīngshuō,,,Tôi nghe nói,I heard,,FALSE,
344,公园,gōngyuán,,,vườn,garden,,FALSE,
345,知道,zhīdào,,,Biết,Know,,FALSE,
346,公司,gōngsī,,,công ty,company,,FALSE,
347,别,bié,,,Đừng,Don't,,FALSE,
348,一边,yībiān,,,Một bên,One side,,FALSE,
349,好看,hǎokàn,,,Đẹp,nice,,FALSE,
350,好听,hǎotīng,,,Nghe hay đấy.,It sounds nice,,FALSE,
351,打开,dǎkāi,,,Mở,Open,,FALSE,
352,开玩笑,kāiwánxiào,,,câu nói đùa,joke,,FALSE,
353,洗,xǐ,,,rửa,wash,,FALSE,
354,手,shǒu,,,tay,hand,,FALSE,
355,手表,shǒubiǎo,,,đồng hồ ,watch,,FALSE,
356,洗手间,xǐshǒujiān,,,Nhà vệ sinh,Toilet,,FALSE,
357,高,gāo,,,cao,high,,FALSE,
358,穿,chuān,,,mặc,wear,,FALSE,
359,现年,xiànnián,,,tuổi hiện tại,current age,,FALSE,
360,春节,chūnjié,,,Tết Nguyên Đán,Spring Festival,,FALSE,
361,快乐,kuàilè,,,hạnh phúc,hapiness,,FALSE,
362,生日,shēngrì,,,Sinh nhật,Birthday,,FALSE,
363,国外,guówài,,,nước ngoài,foreign,,FALSE,
364,外语,wàiyǔ,,,ngoại ngữ,foreign language,,FALSE,
365,加拿大,jiānádà,,,Canada,Canada,,FALSE,
366,日本,rìběn,,,Nhật Bản,Japan,,FALSE,
367,国家,guójiā,,,Quốc gia,nation,,FALSE,
368,块,kuài,,,cái,piece,,FALSE,
369,元,yuán,,,Nguyên,Yuan,,FALSE,
370,角,jiǎo,,,còi,horn,,FALSE,
371,毛,máo,,,tóc,hair,,FALSE,
372,冰块,bīngkuài,,,đá viên,ice cubes,,FALSE,
373,糖块,tángkuài,,,Đường viên,Sugar cubes,,FALSE,
374,比,bǐ,,,So sánh,Compare,,FALSE,
375,比较,bǐjiào,,,So sánh,Compare,,FALSE,
376,千,qiān,,,nghìn,thousand,,,
377,里边,lǐbian,,,bên trong,inside,,,
378,外边,wàibian,,,ngoài,outside,,,
379,东边,dōngbian,,,Phía đông,East,,,
380,西边,xībiān,,,Tây,West,,,
381,南边,nánbian,,,Phía nam,South,,,
382,北边,běibiān,,,Phía bắc,North,,,
383,对面,duìmiàn,,,đối diện,opposite,,,
384,后面,hòumiàn,,,sau đó,later,,,
385,前面,qiánmiàn,,,Đằng trước,Front,,,
386,上面,shàngmiàn,,,bên trên,above,,,
387,下面,xiàmiàn,,,dưới,under,,,
388,地图,dìtú,,,bản đồ,map,,,
389,还是,háishi,,,vẫn,still,,,
390,明白,míngbai,,,thông thoáng,clear,,,
391,房子,fángzi,,,căn nhà,house,,,
392,房间,fángjiān,,,Phòng,Room,,,
393,间,jiān,,,giữa,between,,,
394,照片,zhàopiàn,,,ảnh,photo,,,
395,旁边,pángbiān,,,bên cạnh,beside,,,
396,红色,hóngsè,,,màu đỏ,red,,,
397,黑色,hēisè,,,đen,black,,,
398,颜色,yánsè,,,màu sắc,color,,,
399,哭,kū,,,khóc,cry,,,
400,早,zǎo,,,buổi sáng,morning,,,
401,晚,wǎn,,,Đêm,Night,,,
402,左边,zuǒbian,,,bên trái,left,,,
403,右边,yòubian,,,Phải,right,,,
404,中间,zhōngjiān,,,ở giữa,middle,,,
405,一样,yīyàng,,,Như nhau,Same,,,
406,哎呀,āiyā,,,Ối,oops,,,
407,我的天,wǒ de tiān,,,Ôi chúa ơi,Oh My God,,,
408,车站,chēzhàn,,,ga tàu,station,,,
409,站,zhàn,,,đứng,stand,,,
410,来到,láidào,,,đến,come,,,
411,车票,chēpiào,,,vé,ticket,,,
412,机票,jīpiào,,,Vé máy bay,Airfare,,,
413,放,fàng,,,đặt,put,,,
414,钱包,qiánbāo,,,cái ví,wallet,,,
415,身上,shēnshang,,,Trên cơ thể,On body,,,
416,身边,shēnbiān,,,Xung quanh,Around,,,
417,在身边,zài shēnbiān,,,Bên cạnh,Beside,,,
418,睡,shuì,,,ngủ,sleep,,,
419,坐下,zuòxia,,,ngồi xuống,sit down,,,
420,出来,chūlái,,,đi ra ngoài,come out,,,
421,出去,chūqù,,,đi ra ngoài,go out,,,
422,有的,yǒu de,,,một số,some,,,
423,有时,yǒushí,,,Thỉnh thoảng,sometimes,,,
424,着,zhe,,,Mặc,Wearing,,,
425,考试,kǎoshì,,,làm bài kiểm tra,take an exam,,,
426,考,kǎo,,,Bài kiểm tra,Test,,,
427,难,nán,,,Thảm họa,Disaster,,,
428,问题,wèntí,,,câu hỏi,question,,,
429,最后,zuìhòu,,,cuối cùng,at last,,,
430,回答,huídá,,,trả lời,answer,,,
431,对,duì,,,Phải,right,,,
432,错,cuò,,,sai,wrong,,,
433,记得,jìde,,,Nhớ,Remember,,,
434,忘记,wàngjì,,,quên,forget,,,
435,记住,jìzhu,,,nhớ,remember,,,
436,听写,tīngxiě,,,đọc chính tả,dictation,,,
437,教,jiào,,,dạy bảo,teach,,,
438,教室,jiàoshì,,,lớp học,classroom,,,
439,教授,jiàoshòu,,,giáo sư,professor,,,
440,教学楼,jiàoxuélóu,,,Tòa nhà giảng dạy,Teaching building,,,
441,页,yè,,,Trang,Page,,,
442,课本,kèběn,,,sách giáo khoa,textbook,,,
443,课文,kèwén,,,chữ,text,,,
444,次,cì,,,Hạng hai,Second-rate,,,
445,第,dì,,,KHÔNG.,No.,,,
446,第一,dìyī,,,Đầu tiên,First,,,
447,上次,shàngcì,,,Lần trước,Last time,,,
448,下次,xiàcì,,,lần sau,next time,,,
449,住在,zhù zài,,,Cuộc sống,Living,,,
450,想,xiǎng,,,nghĩ,think,,,
451,进来,jìnlái,,,Mời vào,Come in,,,
452,进去,jìnqù,,,Đi vào,Go in,,,
453,得到,dédào,,,lấy,get,,,
454,道德,dàodé,,,Đạo đức,Morality,,,
455,日期,rìqī,,,ngày,date,,,
456,地点,dìdiǎn,,,Địa điểm,Place,,,
457,地址,dìzhǐ,,,Địa chỉ,address,,,
458,重,zhòng,,,Nặng,Heavy,,,
459,中心,zhōngxīn,,,trung tâm,center,,,
460,重心,zhòngxīn,,,Tâm trọng lực,Center of gravity,,,
461,书包,shūbāo,,,cái túi,bag,,,
462,读书,dúshū,,,đọc,read,,,
463,本子,běnzi,,,sách,book,,,
464,中文,zhōngwén,,,Trung Quốc,Chinese,,,
465,汉语,hànyǔ,,,Trung Quốc,Chinese,,,
466,班,bān,,,lớp học,class,,,
467,小学生,xiǎoxuéshēng,,,học sinh tiểu học,primary school students,,,
468,中学生,zhōngxuéshēng,,,học sinh trung học,middle school student,,,
469,有用,yǒuyòng,,,nó hoạt động,it works,,,
470,无用,wúyòng,,,vô ích,useless,,,
471,找到,zhǎodào,,,xuất hiện,turn up,,,
472,用,yòng,,,sử dụng,use,,,
473,去年,qùnián,,,năm ngoái,last year,,,
474,明年,míngnián,,,năm tới,next year,,,
475,前天,qiántiān,,,Hôm kia,The day before yesterday,,,
476,昨天,zuótiān,,,Hôm qua,yesterday,,,
477,后天,hòutiān,,,ngày kia,the day after tomorrow,,,
478,明天,míngtiān,,,Ngày mai,tomorrow,,,
479,今天,jīntiān,,,Hôm nay,today,,,
480,还没,huán méi,,,Chưa,not yet,,,
481,准备,zhǔnbèi,,,Chuẩn bị,Prepare,,,
482,知识,zhīshi,,,Kiến thức,Knowledge,,,
483,认真,rènzhēn,,,nghiêm trọng,serious,,,
484,床,chuáng,,,giường,bed,,,
485,跑步,pǎobù,,,đang chạy,running,,,
486,运动,yùndòng,,,thể thao,sports,,,
487,游泳,yóuyǒng,,,bơi,swim,,,
488,每天,měitiān,,,mỗi ngày,every day,,,
489,音乐,yīnyuè,,,âm nhạc,music,,,
490,出,chū,,,ngoài,out,,,
491,出租车,chūzūchē,,,Taxi,taxi,,,
492,公交车,gōngjiāochē,,,xe buýt,the bus,,,
493,公共汽车,gōnggòngqìchē,,,xe buýt,bus,,,
494,火车,huǒchē,,,xe lửa,train,,,
495,地铁,dìtiě,,,tàu điện ngầm,subway,,,
496,常常,chángcháng,,,Thường xuyên,Frequent,,,
497,别人,biéren,,,những người khác,other people,,,
498,奖学金,jiǎngxuéjīn,,,học bổng,scholarship,,,
499,金,jīn,,,vàng,gold,,,
500,都,dū,,,Tất cả,All,,,
501,告诉,gàosu,,,Kể,Tell,,,
502,学院,xuéyuàn,,,Trường cao đẳng,College,,,
503,又名,yòumíng,,,Còn được biết đến với tên gọi,Also known as,,,
504,最,zuì,,,hầu hết,most,,,
505,最好,zuìhǎo,,,hầu hết,most,,,
506,看到,kàndào,,,Nhìn thấy,See,,,
507,下车,xiàchē,,,rời đi,get off,,,
508,上车,shàngchē,,,Lên xe buýt,Get on the bus,,,
509,地上,dìshang,,,đất,ground,,,
510,老人,lǎorén,,,trưởng lão,elder,,,
511,过马路,guò mǎlù,,,Băng qua đường,Crossing the road,,,
512,小朋友,xiǎopéngyǒu,,,đứa trẻ,kid,,,
513,还给,huángěi,,,Trở lại,Return,,,
514,送给,sònggěi,,,Đưa cho,Give,,,
515,得,dé,,,phải,have to,,,
516,地,dì,,,đất,land,,,
517,的,de,,,của,of,,,
518,作业,zuòyè,,,Hoạt động,Operation,,,
519,干,gān,,,Khô,Dry,,,
520,干净,gānjìng,,,lau dọn,clean,,,
521,楼上,lóushàng,,,tầng trên,upstairs,,,
522,楼下,lóuxià,,,tầng dưới,downstairs,,,
523,见面,jiànmiàn,,,Gặp,Meet,,,
524,电,diàn,,,điện,electricity,,,
525,做饭,zuòfàn,,,Đầu bếp,Cook,,,
526,听到,tīngdào,,,Nghe,Hear,,,
527,懂,dǒng,,,Hiểu,Understand,,,
528,啊,a,,,à,ah,,,
529,诶,ēi,,,Chào,Hey,,,
530,走,zǒu,,,Đi bộ,Walk,,,
531,已经,yǐjīng,,,đã,already,,,
532,每,měi,,,Mọi,Every,,,
533,海,hǎi,,,đại dương,ocean,,,
534,上海,shànghǎi,,,Thượng Hải,Shanghai,,,
535,丈夫,zhàngfu,,,chồng,husband,,,
536,妻子,qīzi,,,vợ,wife,,,
537,老公,lǎogong,,,chồng,husband,,,
538,老婆,lǎopó,,,Vợ,Wife,,,
539,先生,xiānsheng,,,thưa quý ông,gentlemen,,,
540,小姐,xiǎojie,,,Cô,Miss,,,
541,孩子,háizi,,,đứa trẻ,child,,,
542,孩子们,háizi men,,,những đứa trẻ,children,,,
543,姓,xìng,,,họ,surname,,,
544,题,tí,,,câu hỏi,question,,,
545,跳舞,tiàowǔ,,,Nhảy,Dance,,,
546,旅游,lǚyóu,,,du lịch,travel,,,
547,游泳,yóuyǒng,,,bơi,swim,,,
548,踢足球,tīzúqiú,,,chơi bóng đá,play soccer,,,
549,打篮球,dǎlánqiú,,,Chơi bóng rổ,Playing basketball,,,
550,跑步,pǎobù,,,đang chạy,running,,,
551,汉字,hànzì,,,Chữ Hán,Chinese character,,,
552,离,lí,,,Rời khỏi,Leave,,,
553,离开,líkāi,,,rời khỏi,leave,,,
554,公里,gōnglǐ,,,ki-lô-mét,kilometer,,,
555,公斤,gōngjīn,,,Kilogram,Kilogram,,,
556,出门,chūmén,,,Đi ra ngoài,Going out,,,
557,往,wǎng,,,Quá khứ,Past,,,
558,向,xiàng,,,Đối với,Towards,,,
559,门,mén,,,Cửa,Door,,,
560,服务,fúwù,,,Phục vụ,Serve,,,
561,服务员,fúwùyuán,,,phục vụ nam,waiter,,,
562,欢迎,huānyíng,,,Chào mừng,welcome,,,
563,出去玩儿,chūqù wánr,,,Ra ngoài chơi nào!,Go out and play,,,
564,电脑游戏,diànnǎoyóuxì,,,Trò chơi máy tính,Computer games,,,
565,过,guò,,,Vượt qua,Pass,,,
566,两,liǎng,,,hai,two,,,
567,因为,yīnwèi,,,bởi vì,because,,,
568,所以,suǒyǐ,,,Vì thế,so,,,
569,虽然,suīrán,,,Mặc dù,Although,,,
570,但是,dànshì,,,Nhưng,but,,,
571,故宫,gùgōng,,,Tử Cấm Thành,Forbidden City,,,
572,雪,xuě,,,Tuyết,Snow,,,
573,下雪,xiàxuě,,,tuyết,snow,,,
574,白雪,báixuě,,,Bạch Tuyết,Snow White,,,
575,阴,yīn,,,Tiêu cực,Negative,,,
576,阴天,yīntiān,,,ngày nhiều mây,cloudy day,,,
577,晴,qíng,,,thông thoáng,clear,,,
578,晴天,qíngtiān,,,nhiều nắng,sunny,,,
579,希望,xīwàng,,,mong,hope,,,
580,可能,kěnéng,,,khả thi,possible,,,
581,男,nán,,,nam giới,male,,,
582,女,nǚ,,,nữ giới,female,,,
583,市场,shìchǎng,,,chợ,market,,,
584,礼物,lǐwù,,,Quà,Gift,,,
585,报纸,bàozhǐ,,,báo,newspaper,,,
586,忙,máng,,,bận,busy,,,
587,可以,kěyǐ,,,Có thể,Can,,,
588,比较,bǐjiào,,,So sánh,Compare,,,
589,有点儿,yǒudiǎnr,,,kiểu như,kind of,,,
590,手机,shǒujī,,,điện thoại di động,cell phone,,,
591,粉色,fěnsè,,,hồng,pink,,,
592,紫色,zǐsè,,,Màu tím,Purple,,,
593,蓝色,lánsè,,,màu xanh da trời,blue,,,
594,绿色,lǜsè,,,màu xanh lá,green,,,
595,橙色,chéngsè,,,màu cam,orange color,,,
596,黄色,huángsè,,,màu vàng,yellow,,,
597,毛衣,máoyī,,,áo len,sweater,,,
598,大衣,dàyī,,,áo khoác ngoài,overcoat,,,
599,雨衣,yǔyī,,,áo mưa,raincoat,,,
600,衬衫,chènshān,,,áo sơ mi,shirt,,,
601,裤子,kùzi,,,Quần dài,Pants,,,
602,裙子,qúnzi,,,váy ngắn,skirt,,,
603,雨伞,yǔsǎn,,,Chiếc ô,Umbrella,,,
604,件,jiàn,,,Mục,Item,,,
605,呢,ne,,,Vải len,Woolen cloth,,,
606,就,jiù,,,Ngay lập tức,At once,,,
607,眼睛,yǎnjīng,,,Mắt,Eye,,,
608,药,yào,,,thuốc,medicine,,,
609,吃药,chīyào,,,Uống thuốc,Taking medicine,,,
610,意思,yìsi,,,nghĩa là,mean,,,
611,有意思,yǒuyìsi,,,hấp dẫn,interesting,,,
612,有帮助,yǒu bāngzhù,,,Hữu ích,Helpful,,,
613,帮助,bāngzhù,,,giúp đỡ,help,,,
614,生词,shēngcí,,,Từ mới,New words,,,
615,开心,kāixīn,,,vui mừng,happy,,,
616,快乐,kuàilè,,,hạnh phúc,hapiness,,,
617,鱼,yú,,,cá,fish,,,
618,鱼肉,yúròu,,,Thịt cá,Fish meat,,,
619,苹果,píngguǒ,,,quả táo,apple,,,
620,洗脸,xǐliǎn,,,Rửa mặt,Wash face,,,
621,西瓜,xīguā,,,dưa hấu,watermelon,,,
622,洗碗,xǐwǎn,,,rửa bát,do the washing up,,,
623,洗衣服,xǐyīfú,,,giặt giũ,do the laundry,,,
624,洗澡,xǐzǎo,,,bồn tắm,bath,,,
625,完,wán,,,qua,over,,,
626,完成,wánchéng,,,Hoàn thành,Finish,,,
627,咖啡,kāfēi,,,cà phê,coffee,,,
628,铅笔,qiānbǐ,,,bút chì,pencil,,,
629,宾馆,bīnguǎn,,,Khách sạn,Hotel,,,
630,最近,zuìjìn,,,gần đây,recent,,,
631,火车站,huǒchēzhàn,,,GA TÀU,TRAIN STATION,,,
632,地铁站,dìtiězhàn,,,ga tàu điện ngầm,metro station,,,
633,让,ràng,,,cho phép,let,,,
634,叫,jiào,,,Gọi,Call,,,